{"x": 235.4179333369177, "tetha_xy": 27.428815848541753, "y": 122.17931664614221}